Alberta Cancer Research Biobank,http://www.acrb.ca/,canada
Arthroteq,http://www.arthroteq.com,canada
BRI Biopharmaceutical Research,http://www.bripharm.com/,canada
BC Cancer Agency,http://www.bccancer.bc.ca/,canada
Betagenex,http://www.betagenexresearch.com,canada
British Columbia Breast Cancer Tumour Bank,http://molonc.bccrc.ca/platforms/btb/,canada
"BoZo Research Center, Inc.",http://www.bozo.co.jp/english/,canada
Biospective,http://www.biospective.com/,canada
BioAuxilium Research,http://www.bioauxilium.com/,canada
CNSCRO,http://www.cnscro.com/,canada
CMX Research,http://www.cmxres.com,canada
CiToxLAB,http://www.citoxlab.com/,canada
Canadian Tumour Repository Network,https://www.ctrnet.ca/,canada
Canadian Virtual Brain Tumour Network,http://www.braintumourbank.ca/,canada
CARTaGENE,http://www.cartagene.qc.ca/en,canada
Custom Biologics,http://www.custombiologics.com/,canada
Critical Outcome Technologies,http://www.criticaloutcome.com,canada
Cornerstone Research Group, Inc.,www.cornerstone-research.com,canada
Domain Therapeutics,http://www.domaintherapeutics.com,canada
DiaTech Oncology,http://www.diatech-oncology.com,canada
FUJUFILM VisualSonics, Inc.,http://www.visualsonics.com/,canada
Hamilton Health Sciences,http://www.hamiltonhealthsciences.ca/,canada
Innovascreen,http://www.innovascreen.com,canada
ITR Canada,http://www.itrlab.com/site/index.php,canada
IPS Therapeutique,http://www.ipstherapeutique.com,canada
KGK Synergize,http://www.kgksynergize.com,canada
Kairos Therapeutics,http://kairostherapeutics.com/,canada
Lawson Imaging,https://www.lawsonimaging.ca/imaging/,canada
Lawson Brain Tumour Tissue Bank,http://www.braintumour.ca/184/brain-tumour-tissue-bank,canada
London Regional Genomics Centre,http://www.lrgc.ca/,canada
Montreal Neurological Institute and Hospital Cyclotron and Radiochemistry Facility,http://www.mcgill.ca/neuro/research/cyclotron-and-radiochemistry-facility,canada
Montreal Children's Hospital,http://www.thechildren.com/research,canada
MediLumine,https://www.medilumine.com,canada
Manitoba Breast Tumour Bank,https://www.umanitoba.ca/institutes/manitoba_institute_cell_biology/MICB/Platforms/MbTumourBank.html,canada
Mispro Biotech Services,http://misprobiotech.com,canada
MethylGene,http://www.methylgene.com,canada
Nucro-Technics,http://www.nucro-technics.com/,canada
Nexus Oncology,http://www.nexusoncology.com,canada
NuChem Therapeutics,http://nuchemtherapeutics.com/,canada
Ontario Cancer Biomarker Network (OCBN),http://www.ocbn.ca/,canada
Ottawa Hospital Research Institute Genvira Biosciences Core,http://www.ohri.ca/genvira/,canada
Ontario Tumour Bank,http://www.ontariotumourbank.ca/,canada
Oncodesign Biotechnology,http://www.oncodesign.com/,canada
Precision Proteomics,precisionproteomics.ca,canada
PROCURE Quebec Prostate Cancer Biobank,http://biobanque.procure.ca/,canada
PAIRimmune,http://pairimmune.com/,canada
Quebec Leukemia Cell Bank,http://bclq.org/,canada
Quorum Technologies, Inc.,http://www.quorumtechnologies.com/,canada
SV ChemBioTech,http://www.svchembiotech.com/,canada
Southern Alberta Cancer Research Institute,http://www.ucalgary.ca/antibody/index.htm,canada
SGS Life Science Services,http://www.sgs.com/lifescience,canada
Spectrum Pharmaceuticals,http://www.sppirx.com/,canada
The Clinical Trial Company,http://www.theclinicaltrialcompany.co.uk/,canada
Univ. of Montreal IRIC Genomics Platform,http://genomique.iric.ca,canada
University of Montreal IRIC Center for Advanced Proteomics Analyses (CAPA),https://proteomics.iric.ca/,canada
University of Toronto FoM Sunnybrook Research Institute Device Development Lab,http://sunnybrook.ca/research/content/?page=sri-core-device-development-lab,canada
University of Toronto FoM Sunnybrook Research Institute Good Manufacturing Practices Facility,http://sunnybrook.ca/research/content/?page=sri-core-cgmpf,canada
University of Toronto FoM Sunnybrook Research Institute Genomics Core Facility,http://sunnybrook.ca/research/content/?page=sri-core-genomics,canada
University of Toronto FoM Sunnybrook Research Institute Computed Tomography Facility,http://sunnybrook.ca/research/content/?page=sri-core-computed-tomography-facility,canada
University of Alberta - KMT Hepatech,http://www.kmthepatech.com/,canada
VivoCore, Inc.,http://www.cancog.com/,canada
Walpole Pharma Consulting,http://www.walpolepharmaconsulting.com,canada
Woodland BioSciences,http://woodlandbiosciences.com/contact.asp,canada
Angiochem Inc.,http://angiochem.com/,canada
Albert Einstein College of Medicine YU MicroPET Core,http://www.einstein.yu.edu/research/shared-facilities/cores/24/micropet-facility/,germany
BLS Laboratories,http://www.bls-germany.com/,germany
Berlin-Brandenburg Center for Regenerative Therapies,http://bcrt.charite.de/,germany
BIOBANK of Blood Donors,http://www.bio-bank.de/en/,germany
Bavarian Nordic GMBH,http://www.bavarian-nordic.com/,germany
Bruker Biospin,http://www.bruker-biospin.com,germany
BioNTech AG,,germany
CentroDerm,http://dirschka.de/,germany
CPO - Cellular Phenomics & Oncology Berlin-Buch GmbH,http://www.cellphenomics.com,germany
Coriolis Pharma,http://www.coriolis-pharma.com/,germany
Cellzome,http://www.cellzome.com/,germany
DKFZ German Cancer Research Center,http://www.dkfz.de/gpcf/ngs_sequencing.html,germany
Danubian Biobank Consortium,http://www.danubianbiobank.de/DanubPublic/misc/mscHome.jsp,germany
Expert Bioinformatics,http://expertbioinformatics.com/,germany
Fraunhofer ITEM,http://www.item.fraunhofer.de/english/index.html,germany
German Institute of Human Nutrition (DIFE),http://www.dife.de/?lang=en,germany
GeneWake,http://www.genewake.com/,germany
Genome Biologics,www.genomebiologics.com,germany
ibidi GmbH,http://ibidi.com,germany
IDEXX,http://www.idexxbioresearch.eu  or  http://www.idexxanalytics.com,germany
ICRC-Weyer GmbH,http://icrc-weyer.com/,germany
MediGene,http://www.medigene.de,germany
Microsynth AG,https://www.microsynth.ch,germany
Neu Encepharm GmbH,http://www.encepharm.de/,germany
Nexus Oncology,http://www.nexusoncology.com,germany
Ncardia,http://www.ncardia.com,germany
OncoLead,http://www.oncolead.com,germany
preclinics Gesellschaft fuer praeklinische Forschung mbH,www.preclinics.com,germany
PhenoPro,http://www.phenopro.com/en/index.php,germany
Pure Biologics,http://purebiologics.com/,germany
Pathology Experts,http://www.pathexperts.com/,germany
Rules-Based Medicine, Inc.,http://rbm.myriad.com/,germany
Synovo,http://www.synovo.com,germany
SpheroTec,http://www.spherotec.com,germany
Sysmex Inostics,http://www.sysmex-inostics.com,germany
Scientific Consulting Company GmbH (SCC),http://scc-gmbh.de/,germany
Sciomics,http://www.sciomics.de/,germany
Taconic Biosciences,http://www.taconic.com,germany
Thymed,http://www.thymed.com,germany
TissUse,http://www.tissuse.com/,germany
TRON GmbH,http://tron-mainz.de/,germany
TPL Path Labs,http://tpl-pathology-labs.com/,germany
VivoPharm,http://www.vivopharm.com,germany
vivo Science,http://www.vivoscience.de,germany
VivaCell Biotechnology GmbH,http://www.vivacell.de/,germany
AID Autoimmun Diagnostika GmbH,www.immunomonitoring.com,germany
Aldevron,http://www.aldevron.com,germany
Axolabs,http://www.axolabs.com/,germany
Aurigon GmbH,http://www.aurigon.de,germany
3D Imaging,http://www.3dimagingllc.com/,united_states
Arkansas Children's Hospital Research Institute,http://achri.archildrens.org/index.htm,united_states
Arkana Laboratories - Zebrafish Core Program,https://www.arkanalabs.com/research/zebrafish/,united_states
Bostwick Laboratories,https://www.bostwicklaboratories.com/global/,united_states
Banner Sun Health Research Institute Brain and Body Donation Program,https://www.brainandbodydonationprogram.org/Default.aspx,united_states
Banner Health Brain & Tissue Bank,http://www.bannerhealth.com/Research/Research+Institutes/Banner+Sun+Health+Research+Institute/Research/Research+Programs/Brain+and+Body+Donation/Brain+and+Tissue+Bank.htm,united_states
Esoterix,http://www.esoterix.com/index.asp,united_states
Genzyme Genetics,http://www.genzymegenetics.com,united_states
LabCorp,http://www.labcorpclinicaltrials.com/contact_us/,united_states
Medelis,http://www.medelis.com/,united_states
Optimus Pharma Consulting,http://www.optimuspharmaconsulting.com/,united_states
St. Joseph's Hospital and Medical Center,http://www.dignityhealth.org/stjosephs/,united_states
The University of Arizona Cancer Center Biorepository,http://uacc.arizona.edu/research/shared-resources/tacmasr/tissue-acquisition,united_states
Translational Genomics Research Institute (TGen),https://www.tgen.org/,united_states
Translational Drug Development,http://www.td2inc.com/,united_states
The University of Arizona University HS Center for Applied & Genomic Medicine (TCAG2M),http://precisionhealth.uahs.arizona.edu/,united_states
The University of Arizona Clinical and Translational Science Center (CATS),http://www.cats.med.arizona.edu/index.php,united_states
The University of Arizona Cancer Center Laukaitis Cancer Genetics Lab,http://uacc.arizona.edu/research/lab/laukaitis,united_states
The University of Arizona Cancer Center Skin Cancer Institute,http://uacc.arizona.edu/sci,united_states
The University of Arizona Cancer Center TACMASR Routine Histology Core,http://uacc.arizona.edu/research/shared-resources/tacmasr/molecular-analysis/histology,united_states
The University of Arizona Cancer Center TACMASR Immunostaining Core,http://uacc.arizona.edu/research/shared-resources/tacmasr/molecular-analysis/immunostaining,united_states
The University of Arizona Cancer Center TACMASR Pathology Core,http://uacc.arizona.edu/research/shared-resources/tacmasr/pathology,united_states
The University of Arizona Cancer Center Proteomics Core,http://uacc.arizona.edu/research/shared-resources/psr,united_states
The University of Arizona Cancer Center Flow Cytometry Core,http://uacc.arizona.edu/research/shared-resources/fcsr,united_states
The University of Arizona Cancer Center TACMASR Microscopy Core,http://uacc.arizona.edu/research/shared-resources/tacmasr/microscopy,united_states
The University of Arizona Cancer Center Experimental Mouse Core,http://uacc.arizona.edu/research/shared-resources/emsr,united_states
The University of Arizona Cancer Center Biostatistics Core,http://uacc.arizona.edu/research/shared-resources/bsr,united_states
The University of Arizona Cancer Center Bioinformatics Core,http://uacc.arizona.edu/research/shared-resources/bisr,united_states
The University of Arizona Cancer Center Behavioral Measurement and Interventions Core,http://uacc.arizona.edu/research/shared-resources/bmisr,united_states
The University of Arizona Cancer Center Analytical Chemistry Core,http://uacc.arizona.edu/research/shared-resources/acsr,united_states
Univ. of Arizona Department of Immunobiology,http://immunobiology.arizona.edu,united_states
CHTN - South Division (University of Alabama),http://www.uab.edu/medicine/tcbf/chtn-sd-sidebar,united_states
Celsion Labs,https://www.celsionlabs.com/,united_states
Discovery Life Sciences,http://www.dls.com,united_states
SynVivo, Inc.,http://www.synvivobio.com/,united_states
University of Alabama at Birmingham Gnotobiotic and Genetically-Engineered Mouse Core,http://www.uab.edu/research/administration/CentersCores/Pages/UAB-Gnotobiotic-Facility.aspx,united_states
University of Alabama SPORE Biorepositories,http://www.uab.edu/medicine/tcbf/sporebb-tpsfsidebar,united_states
University of Alabama Birmingham School of Medicine Tissue Collection and Banking Core,http://www.uab.edu/medicine/tcbf/,united_states
Auburn University Auburn Laboratory for Imaging Animal Systems,http://www.vetmed.auburn.edu/research/alias/,united_states
Biodesix,http://www.biodesix.com/,united_states
Bolder BioPATH,http://www.bolderbiopath.com,united_states
Clovis Oncology,http://www.clovisoncology.com/,united_states
CARE Research,http://www.careresearchllc.com/,united_states
Colorado State University - Preclinical Research Laboratory,http://csu-cvmbs.colostate.edu/academics/clinsci/surgical-research-laboratory/Pages/default.aspx,united_states
Endolytics,http://endolytics.com/,united_states
GlobeImmune, Inc.,https://www.globeimmune.com/,united_states
HistoTox Labs,http://www.histotoxlabs.com,united_states
National Jewish Health Cytometry Core,https://www.nationaljewish.org/professionals/research/corelabs/cytometry/,united_states
Plato BioPharma,http://platobiopharma.com,united_states
Pre-Clinical Research Services,http://www.preclinicalresearch.com/,united_states
Pharmatech,http://pharmatech.com/home/,united_states
Pyxant Labs,http://www.pyxant.com,united_states
University of Colorado - Denver: NMR Structural Biology Shared Resource Facility,http://www.ucdenver.edu/academics/colleges/medicalschool/programs/biomol/strucbiocores/nmr/Pages/NMRCoreFacility.aspx,united_states
University of Colorado Cancer Center - Biorepository Core,http://www.ucdenver.edu/academics/colleges/medicalschool/centers/cancercenter/Research/sharedresources/TissueBiobanking/Biorepository/Pages/Biorepository.aspx,united_states
University of Colorado Cancer Center - Laser Capture Microdissection,http://www.ucdenver.edu/academics/colleges/medicalschool/centers/cancercenter/Research/sharedresources/TissueBiobanking/LaserCapture/Pages/LaserCapture.aspx,united_states
Advanced MRI Technologies,http://www.advancedmri.com/,united_states
ACEA Biosciences,http://www.aceabio.com/main.aspx,united_states
AntiCancer Incorporated,http://www.anticancer.com,united_states
Advanced ImmunoChemical,http://www.advimmuno.com/,united_states
Applied StemCell,http://appliedstemcell.com,united_states
Avrygen Corporation,http://www.avrygen.com/,united_states
Axxora,http://www.axxora.com/,united_states
AndroScience Corporation,http://www.androscience.com,united_states
AltheaDx,http://www.altheadx.com,united_states
Agendia,http://www.agendia.com/,united_states
AfaSci,http://www.afasci.com/,united_states
Alpha-Omega Veterinary Consultant Services,,united_states
Best American Toxicology Testing Services Laboratories - BATTS,http://www.battslabs.com/,united_states
Beckman Research Institute City of Hope,http://www.cityofhope.org/beckman-research-institute,united_states
Bell Biosystems,http://www.bellbiosystems.com/,united_states
BATTS Laboratories,http://www.battslabs.com,united_states
Bio SB,http://www.biosb.com/,united_states
Biocept Laboratories,http://biocept.com/company/biopharmaclinical-research/,united_states
BTS Research,www.btsresearch.com,united_states
Bavarian Nordic GMBH,http://www.bavarian-nordic.com/,united_states
Bruker Biospin,http://www.bruker-biospin.com,united_states
bioTheranostics,http://www.biotheranostics.com/,united_states
Biocare Medical, LLC,http://biocare.net/,united_states
Biopartners, Inc,http://www.biopartners.science/,united_states
Conkwest,http://www.conkwest.com,united_states
Cedars-Sinai Medical Center Imaging Core,https://www.cedars-sinai.edu/Research/Research-Cores/Imaging/index.aspx,united_states
Cytelligen,http://www.cytelligen.com/,united_states
Calithera,http://www.calithera.com/,united_states
Cleave Biosciences,http://www.cleavebio.com/,united_states
ChemoTactics,http://www.chemotactics.com/,united_states
California Stem Cell,http://www.californiastemcell.com,united_states
CombiMatrix,http://www.combimatrix.com/,united_states
Children's Hospital Los Angeles The Saban Research Institute Molecular Pathology Genomics Core,http://www.chla.org/molecular-pathology-genomics-core,united_states
Children's Hospital Los Angeles The Saban Research Institute Biomedical Informatics Core,http://www.chla.org/biomedical-informatics,united_states
Centocor,http://www.centocor.com/centocor/index.html,united_states
Comparative Biosciences,http://www.compbio.com,united_states
Crown Bioscience, Inc.,http://www.crownbio.com,united_states
Certis Oncology Solutions,https://certisoncology.com/,united_states
Cylene Pharmaceuticals,http://www.cylenepharma.com/,united_states
ChemoCentryx, Inc.,http://www.chemocentryx.com/,united_states
Cellerant Therapeutics, Inc.,http://www.cellerant.com/,united_states
CALICO BIOLABS INC,http://www.calicobio.com,united_states
Cepheus Biosciences, Inc.,https://cepheusbio.com/,united_states
City of Hope Beckman Research Institute Survey Research Core,http://www.cityofhope.org/research/shared-resources/survey-research-core,united_states
City of Hope Beckman Research Institute Stem Cell Core,,united_states
City of Hope Beckman Research Institute Pathology Core,http://www.cityofhope.org/research/shared-resources/pathology-core,united_states
City of Hope Beckman Research Institute Integrative Genomics Core,http://www.cityofhope.org/research/shared-resources/integrative-genomics-core,united_states
City of Hope Beckman Research Institute High Throughput Screening,http://www.cityofhope.org/research/shared-resources/high-throughput-screening,united_states
City of Hope Beckman Research Institute Drug Discovery and Structural Biology Core,http://www.cityofhope.org/research/shared-resources/drug-discovery-and-structural-biology-core,united_states
City of Hope Beckman Research Institute Clinical Immunobiology Correlative Studies,http://www.cityofhope.org/research/shared-resources/clinical-immunobiology-correlative-studies,united_states
City of Hope Beckman Research Institute Chemical GMP Synthesis Facility,http://www.cityofhope.org/research/shared-resources/chemical-gmp-synthesis-facility,united_states
City of Hope Beckman Research Institute Analytical Pharmacology,http://www.cityofhope.org/research/shared-resources/analytical-pharmacology,united_states
City of Hope National Medical Center Biostatistics Core,http://www.cityofhope.org/research/shared-resources/biostatistics-core-facility,united_states
Caliper LifeSciences,http://www.caliperls.com/CDAS,united_states
Core Diagnostics Inc.,https://www.corediagnostics.net,united_states
Diagnomics,http://www.diagnomics.com/,united_states
Dx Biosamples,http://dxbiosamples.com/,united_states
Diverse Diagnostics,http://www.diversediagnostics.com/,united_states
DesigneRx Pharmaceuticals,http://www.drxpharma.com/,united_states
DiscoverX,http://www.discoverx.com,united_states
Explora BioLabs,http://www.explorabiolabs.com,united_states
Elim Biopharmaceuticals,http://www.elimbio.com,united_states
Epic Sciences,http://www.epicsciences.com/,united_states
FIVEphoton Biochemicals,http://fivephoton.com,united_states
Flow Paradigm,http://www.flowparadigm.com,united_states
Freenome Holdings, Inc.,http://www.freenome.com/,united_states
Fractal Therapeutics,https://fractaltx.com,united_states
Genoptix, Inc.,http://www.genoptix.com/,united_states
GenenDesign,http://genendesign.com/,united_states
GigaGen, Inc.,http://www.gigagen.com/,united_states
Guardant Health, Inc.,http://www.guardanthealth.com/,united_states
GenWay Biotech,http://www.genwaybio.com,united_states
Genomic Health, Inc.,http://www.genomichealth.com/,united_states
Genomics Institute of the Novartis Research Foundation (GNF),http://www.gnf.org/,united_states
HD Biosciences,http://www.hdbiosciences.com,united_states
HealthTell,http://www.healthtell.com/,united_states
Human Biomolecular Research Institute (HBRI),http://www.hbri.org/,united_states
Helica Biosystems,http://helica.com/contract-research/PreclinicalServices/,united_states
Hamamatsu Pharma Research, Inc,https://www.hpharmausa.com/,united_states
HUYA Bioscience International,http://www.huyabio.com,united_states
INDX Technology,http://www.indxtechnology.com/,united_states
Igenica,http://www.igenica.com/,united_states
IncellDx, Inc.,http://incelldx.com/,united_states
Invitek,http://www.invitekinc.com,united_states
Ichor Medical Systems, Inc.,http://www.ichorms.com/,united_states
IMER,http://www.imerinc.com,united_states
InTouch Bio,http://www.intouchbio.com/,united_states
In-Vivo Technologies,http://www.ivt-inc.com/,united_states
Integrated Telemetry Systems,http://itstelemetry.com/,united_states
LifeSource Biomedical,http://www.lifesourcebiomed.com/,united_states
Lucile Packard Children's Hospital Stanford,http://www.stanfordchildrens.org/en/default.page,united_states
LifeSource Biomedical, LLC,http://www.lifesourcemedicalsolutions.com/,united_states
Lexent Bio,www.lexentbio.com,united_states
MolecularMatch,https://www.molecularmatch.com,united_states
MedGenome,http://www.medgenome.com/,united_states
Molecular Medicine Research Institute,http://www.mmrx.org/,united_states
Molecular Response,http://molecularresponse.com,united_states
Mosaic Laboratories,http://www.mosaiclabs.com/,united_states
Marin Biologic Laboratories,http://www.marinbio.com,united_states
MabPrex,http://mabprex.com/,united_states
Norris Comprehensive Cancer Center Immune Core,http://uscnorriscancer.usc.edu/core/IM/IMDesc.aspx,united_states
NSJ Bioreagents,http://nsjbio.com/,united_states
NEOX Clinical Research,http://www.neoxcro.com/,united_states
NeoGenomics Laboratories,http://www.neogenomics.com/,united_states
Neofluidics LLC,www.neofluidics.com,united_states
Open Medicine Institute,http://openmedicineinstitute.org/,united_states
Optimum Therapeutics, LLC,http://optimumtx.com/,united_states
Paragon Genomics,https://paragongenomics.com/,united_states
ProteoGenex,http://www.proteogenex.com,united_states
PacificGMP,http://www.pacificgmp.com/,united_states
Predicine,http://www.predicine.com/,united_states
Primity Bio, Inc.,http://www.primitybio.com,united_states
PersonalizeDx,https://www.personalizedx.com/,united_states
Pulse Biosciences, Inc.,http://www.pulsebiosciences.com/,united_states
Panorama Research, Inc.,http://pano.com/,united_states
Palo Alto Veterans Institute for Research (PAVIR),http://pavir.net/,united_states
PPA Research Group,www.pparesearch.com,united_states
Pharmatest,http://www.pharmatest.com,united_states
Preclinical Medevice Innovations, LLC (PMI),http://www.pmipreclinical.com/,united_states
Pharmetrx,Pharmetrx.ai,united_states
Pathway Genomics Corporation,https://www.pathway.com/,united_states
PRC Clinical,http://www.prcclinical.com/,united_states
Quintara Biosciences,http://www.quintaradiscovery.com/,united_states
Reagent Proteins,http://www.reagentproteins.com/,united_states
Regulus Therapeutics,,united_states
Synergy Research,http://www.synergy-cro.com,united_states
SciQuus Oncology,http://www.sciquus.com/,united_states
Sorrento Therapeutics,http://sorrentotherapeutics.com/,united_states
Sciclone,http://www.sciclone.com/,united_states
Stanford University Animal Tumor Models Shared Resource,http://cancer.stanford.edu/research/core/Animal_Tumor.html,united_states
Stanford Medicine Cancer Institute - Human Immune Monitoring Center Shared Resource,http://cancer.stanford.edu/research/core/Human-Immune-Monitoring.html,united_states
Stanford University Cancer Imaging Shared Resource,http://cancer.stanford.edu/research/core/Cancer_Imaging.html,united_states
Stanford University Flow Cytometry Shared Resource,http://cancer.stanford.edu/research/core/Flow-cytometry2.html,united_states
Stanford University Tissue Procurement Facility,http://cancer.stanford.edu/research/core/Tissue_Procurement.html,united_states
San Diego Biomedical Research Institute (SDBRI),https://sdbri.org/,united_states
Stanford Tissue Bank,http://tissuebank.stanford.edu/,united_states
Siri Pharma Labs,http://siripharmalabs.com/,united_states
Sanford-Burnham Medical Research Institute,http://www.sanfordburnham.org/,united_states
Semler Research Center,http://www.semlerresearch.com/,united_states
Spectrum Pharmaceuticals,http://www.sppirx.com/,united_states
S*Bio,http://www.sbio.com/main/default.asp,united_states
Tosk, Inc.,http://www.tosk.com/,united_states
The Scintillon Institute for Biomedical and Bioenergy Research,http://www.scintillon.org/,united_states
TeneoBio,http://www.teneobio.com/,united_states
Trellis Bioscience,http://www.trellisbio.com/,united_states
Targa Therapeutics,http://www.targatherapeutics.com/,united_states
Trovagene, Inc.,http://www.trovagene.com/,united_states
TissueNetix, Inc,http://www.tissuenetix.com/,united_states
The Advisory Board Company,http://www.advisoryboardcompany.com,united_states
Tissue Diagnostics (TDx),http://www.tissuedx.com/,united_states
Tempo Bioscience,www.tempobioscience.com,united_states
UCSD Moores Cancer Center Laser Capture Microdissection Shared Resource,http://cancer.ucsd.edu/research-training/shared-resources/lcm/Pages/default.aspx,united_states
UCSF - Department of Bioengineering and Therapeutic Sciences,https://bts.ucsf.edu/,united_states
UCSD Moores Cancer Center Flow Cytometry Shared Resource,http://cancer.ucsd.edu/research-training/shared-resources/flow-cytometry/Pages/default.aspx,united_states
UC Davis Comprehensive Cancer Center Mouse Biology Shared Resource,https://mbp.mousebiology.org/index.php,united_states
UC Davis - West Coast Metabolomics Center,http://metabolomics.ucdavis.edu/advanced-services/advanced-services-overview,united_states
University of Southern California Norris Comprehensive Cancer Center	 - Immune Monitoring Core,http://uscnorriscancer.usc.edu/core/IM/IMDesc.aspx,united_states
University of Southern California Norris Comprehensive Cancer Center	 - Transgenic Core,http://uscnorriscancer.usc.edu/core/Transgenic/,united_states
USC Norris Comprehensive Cancer Center Transgenic Knockout Core,http://uscnorriscancer.usc.edu/Core/Transgenic/,united_states
UCSD Moores Cancer Center,http://cancer.ucsd.edu,united_states
UCSF Helen Diller Family Comprehensive Cancer Center's - Preclinical Therapeutics Core,http://cancer.ucsf.edu/research/cores/preclinical/,united_states
UC Davis Biorepository,http://www.ucdmc.ucdavis.edu/cancer/research/sharedresources/specimen.html,united_states
UCLA National Neurological AIDS Bank,http://nnab.org/,united_states
UCSF AIDS & Cancer Specimen Resource,http://acsr.ucsf.edu/,united_states
University of Southern California Norris Comprehensive Cancer Center Circulating Tumor Cells Research Core,http://research.usc.edu/cell-culture-and-analysis/,united_states
University of Southern California Norris Comprehensive Cancer Center Bioreagent and Cell Culture Core,http://research.usc.edu/cell-culture-and-analysis/,united_states
Vium, Inc.,http://www.vium.com/,united_states
VA Palo Alto Health Care System,http://www.paloalto.va.gov/,united_states
3-V Biosciences,http://www.3vbio.com/,united_states
Serametrix Corporation,http://www.serametrix.com/,united_states
Apricus Biosciences,http://www.apricusbio.com,united_states
Afraxis,http://www.afraxis.com/,united_states
Aqua Regenerative Therapies,https://www.aquabiomaterials.com/,united_states
ADS Biosystems,http://adsbiosystems.com/,united_states
Animal Clinical Investigation (ACI) LLC,http://www.animalci.com/,united_states
Howard University Cancer Center Tissue Repository Core,http://cancer.howard.edu/research/sharedresources.htm,united_states
Howard University Cancer Center Flow Cytometry Core,http://cancer.howard.edu/research/sharedresources.htm,united_states
Howard University Cancer Center Common Equipment Core,http://cancer.howard.edu/research/sharedresources.htm,united_states
Howard University Cancer Center Clinical Protocol & Data Management Core,http://cancer.howard.edu/research/sharedresources.htm,united_states
Howard University Cancer Center Biobehavioral Core Laboratory,http://cancer.howard.edu/research/sharedresources.htm,united_states
Howard University Cancer Center Animal Core Facility,http://cancer.howard.edu/research/sharedresources.htm,united_states
Howard University Cancer Center Molecular Genetics Core,http://cancer.howard.edu/research/sharedresources.htm,united_states
EGR LLC,http://egr-llc.com/en/EGR%20LLC%20-%20About.html,united_states
Genome Profiling (GenPro), LLC,www.genprollc.com,united_states
ACROBiosystems,http://www.acrobiosystems.com/,united_states
American Diagnostica,http://www.americandiagnostica.com,united_states
Ipsogen,http://www.ipsogen.com,united_states
Ikonisys Clinical Laboratories,http://www.ikonisys.com,united_states
LEX Company Research Labs,http://www.lex-labs.com/,united_states
Pre-Clinical Safety,http://www.pre-clinicalsafety.com,united_states
RxGen,http://www.rx-gen.com/,united_states
University of Connecticut - Research Tissue Repository,http://biobank.uchc.edu/,united_states
Yale University School of Medicine - CyTOF 2,https://medicine.yale.edu/cores/all/ctbt/cytof.aspx,united_states
Yale University - Specimen Resource Core,http://medicine.yale.edu/dermatology/spore/index.aspx,united_states
Akron Biotechnology,http://www.akronbiotech.com,united_states
Altor BioScience Corporation,http://www.altorbioscience.com,united_states
BioTheme,http://biothemeresearch.com/,united_states
Forward Clinical Trials, Inc,http://www.forwardclinicaltrials.com/,united_states
Florida Biologix,http://www.floridabiologix.ufl.com,united_states
Goodwin Biotechnology,http://www.goodwinbio.com/,united_states
H. Lee Moffitt Cancer Center and Research Institute Tissue Core,https://moffitt.org/research-science/shared-resources/tissue/,united_states
iuvo BioScience, LLC,http://www.iuvobioscience.com/,united_states
Lions Eye Institute for Transplant & Research,http://www.lionseyeinstitute.org/,united_states
M2Gen,http://www.m2gen.com/,united_states
Mote Marine Laboratory & Aquarium,https://mote.org/,united_states
Moffitt Cancer Center & Research Institute,http://www.moffitt.org,united_states
M2Gen Biorepository,http://www.m2gen.com/,united_states
Nova Southeastern University Rumbaugh-Goodwin Institute for Cancer Research,http://www.rgicr.nova.edu/,united_states
Ontario Cancer Biomarker Network (OCBN),http://www.ocbn.ca/,united_states
Protheragen,http://www.protheragen.com/,united_states
Pro-Lab, Inc.,http://prolabinc.com/,united_states
University of Florida CoM Powell Gene Therapy Center,http://powellcenter.med.ufl.edu/,united_states
University of Florida CTSI Genotyping Core,https://www.ctsi.ufl.edu/research/laboratory-services/genotyping-core/,united_states
Augusta University Integrated Genomics,http://www.augusta.edu/cancer/research/shared/genomics/,united_states
Augusta University The GRU Cancer Center Biorepository,http://www.augusta.edu/cancer/research/shared/tumor/,united_states
Augusta University Proteomics and Metabolomics Facility,http://www.augusta.edu/cancer/research/shared/proteomics/,united_states
Augusta Biomedical Research Corporation,http://www.augusta.va.gov/services/research.asp,united_states
BioAssayLINK,http://www.bioassaylink.com,united_states
Clark Atlanta University CCRTD Collaborative Center for Cancer Genomics,http://www.cau.edu/ccrtd/collaborative-center-for-cancer-genomics.html,united_states
Emory University Cancer Genomics Shared Resource (CGSR),http://cancergenomics.emory.edu/,united_states
Emory University School of Medicine - Department of Pathology & Laboratory Medicine,http://pathology.emory.edu/index.cfm,united_states
Emory University - Emory Vaccine Center Non Human Primate Genomics Core,http://www.vaccines.emory.edu/research/cores/gencore.html,united_states
Emory University - Emory Vaccine Center Virology and Molecular Biomarkers Core,http://www.vaccines.emory.edu/research/cores/virology_pharmacology.html,united_states
Georgia Regents University Tumor Tissue and Serum Repository,http://www.gru.edu/cancer/research/shared/tumor/,united_states
GeneCure,http://www.genecure.com/,united_states
Labcat,http://www.labcat.com/ ,united_states
Translational, Testing and Training Laboratories, Inc. (T3 Labs),http://t3labs.org/,united_states
Wake Forest University Comprehensive Cancer Center,http://www.wakehealth.edu/Research/Comprehensive-Cancer-Center/Shared-Resources.htm,united_states
Wake Forest University Baptist Medical Center,http://www.wfubmc.edu,united_states
Northeastern Wildlife,http://www.northeasternwildlife.com/ ,united_states
Ann & Robert H. Lurie Children's Hospital of Chicago Hematology Lab,https://www.luriechildrens.org/en-us/care-services/specialties-services/pathology-laboratory-medicine/divsions/laboratory-medicine/Pages/hematology-laboratory.aspx,united_states
Ann & Robert H. Lurie Children's Hospital of Chicago Fish Facility,https://www.luriechildrens.org/en-us/research/facilities/Pages/fish-facility.aspx,united_states
BloodCenter of Wisconsin (Wisconsin Tissue Bank),https://www.bcw.edu/bcw/index.htm,united_states
CMIC, Inc.,http://www.cmic-inc.com,united_states
Experimur,http://www.Experimur.com,united_states
Glenbrook Hospital,http://www.northshore.org/locations/our-hospitals/glenbrook-hospital/,united_states
Illinois Institute of Technology Pritzker Institute Medical Imaging Research Center,http://mirc1.mirc.iit.edu/,united_states
IIT Research Institute,http://www.iitri.org,united_states
Loyola University Chicago HSD Stritch SoM Oncology Research Institute,http://ssom.luc.edu/oncology_institute/aboutus/,united_states
Northwestern University Robert H. Lurie Comprehensive Cancer Center - Pathology Core,http://pathcore.facilities.northwestern.edu/contact/,united_states
Northeastern University - Robert H. Lurie Comprehensive Cancer Center,http://cancer.northwestern.edu/,united_states
Oklahoma Center for Neuroscience,http://www.oumedicine.com,united_states
Rimedion,http://www.rimedion.com/,united_states
Rush University Medical Center Preclinical Catheterization Laboratory,https://www.rushu.rush.edu/research/office-associate-provost-research/core-research-facilities/preclinical-catheterization-laboratory,united_states
Rush University Medical Center Live Animal Imaging Core Facility,https://www.rushu.rush.edu/research/other-research-resources/core-research-facilities/live-animal-imaging-core-facility,united_states
Rush university Medical Center Facility for Rodent Models of Human Brain Disease,https://www.rushu.rush.edu/research/other-research-resources/core-research-facilities/facility-rodent-models-human-brain-disease,united_states
Southern Illinois University SoM Simmons Cancer Institute Tissue Banking Facility,http://www.siumed.edu/cancer/tissuebank.html,united_states
Southern Illinois University SoM Simmons Cancer Institute Molecular Core Facility,http://www.siumed.edu/cancer/core.html,united_states
SGS Life Science Services,http://www.sgs.com/lifescience,united_states
University of Chicago - Pharmacology Core,http://pharmacology.bsd.uchicago.edu/,united_states
Vanquish Oncology,http://vanquishoncology.com/,united_states
Washington University in St. Louis SoM Pre-Clinical Imaging Facility,http://research.wustl.edu/Cores/AddUpdateCore/CoreRecords/Pages/215.aspx,united_states
Hera BioLabs,http://www.herabiolabs.com/,united_states
James Graham Brown Cancer Center,http://www.browncancercenter.org/research/shared-research-facilities/molecular-modeling/,united_states
AllTranz,http://www.alltranz.com,united_states
BioDevelopment Associates,http://www.biodevelopment.com/,united_states
CiToxLAB,http://www.citoxlab.com/,united_states
KCAS,http://www.kcasbio.com/,united_states
Cellular Engineering Technologies,http://www.celleng-tech.com,united_states
Exemplar Genetics,http://www.exemplargenetics.com,united_states
Iowa State University CoVM Lloyd Veterinary Medical Center,https://vetmed.iastate.edu/vmc,united_states
Oncology Services,http://www.oncology-services.com/,united_states
University of Iowa Tissue Procurement Core,https://www.icts.uiowa.edu/tissueprocurement/tissueProcurement.jsp,united_states
AIT Bioscience,http://www.aitbioscience.com/,united_states
Anson Group,http://www.ansongroup.com/,united_states
BASi (Bioanalytical Systems, Inc.),http://www.basinc.com,united_states
Cook Pharmica,http://cookpharmica.com/,united_states
Indiana University School of Medicine Angio BioCore,http://cancer.iu.edu/research-trials/facilities/angiogenesis/index.shtml,united_states
Indiana University SoM Tissue Procurement & Distribution,http://www.cancer.iu.edu/research-trials/facilities/tissue/index.shtml,united_states
Indiana University SoM Simon Cancer Center Multiplex Analysis Core,http://www.cancer.iu.edu/research-trials/facilities/mac/index.shtml,united_states
Indiana University SoM Simon Cancer Center Epidemiology Consultation Core,http://www.cancer.iu.edu/research-trials/facilities/epi/index.shtml,united_states
Indiana University SoM Simon Cancer Center Transgenic & Knock-Out Mouse,http://www.cancer.iu.edu/research-trials/facilities/transgenic/index.shtml,united_states
Indiana University SoM Simon Cancer Center Clinical Pharmacology Analytical Core,http://www.cancer.iu.edu/research-trials/facilities/cpac/index.shtml,united_states
Indiana University Cardiovascular Ischemia and Vasculogenesis Core,http://vascularbiomed.medicine.iu.edu/resources/cardiovascular-ischemia-and-vasculogenesis-core/,united_states
Indiana University Simon Cancer Center - In Vivo Therapeutics Core,http://www.cancer.iu.edu/research-trials/facilities/in-vivo-core/index.shtml,united_states
Indiana University Simon Cancer Center - Bioinformatics Core,http://cancer.iu.edu/research-trials/facilities/bioinformatics/services.shtml,united_states
Indiana University SoM Simon Cancer Center Behavioral and Cancer Control Recruitment Core,http://www.cancer.iu.edu/research-trials/facilities/behavioral/index.shtml,united_states
Neuromics,http://www.neuromics.com/,united_states
PharmaCompare,http://www.pharmacompare.com/,united_states
Susan G. Komen Tissue Bank,http://komentissuebank.iu.edu/,united_states
Alper Biotech,http://www.alperbiotech.com/,united_states
Bioqual,http://www.bioqual.com,united_states
Champions Oncology,http://championsoncology.com,united_states
Clyde Biosciences,http://www.clydebio.com/,united_states
Catholic Health Initiatives Center for Translational Research,http://www.chiresearch.org/ctr,united_states
ImQuest BioSciences,http://imquestbio.com,united_states
Immunaccel,www.immunaccel.com,united_states
Johns Hopkins Medicine Department of Molecular and Comparative Pathobiology,http://www.hopkinsmedicine.org/mcp/research/,united_states
Johns Hopkins University SKCCC Experimental Irradiator Core,http://www.hopkinsmedicine.org/kimmel_cancer_center/research_clinical_trials/research/shared_resources/experimental_irradiator.html,united_states
MedStar Health Research Institute,http://www.medstarhealth.org/mhri,united_states
MyOmicsDx, Inc,http://www.myomicsdx.com/,united_states
NIH - National Institute of Diabetes and Digestive and Kidney Diseases - Laboratory of Genetics and Physiology,http://mammary.nih.gov/index.html,united_states
NIH NCI CCR - Laboratory of Cancer Biology and Genetics,https://ccr.cancer.gov/Laboratory-of-Cancer-Biology-and-Genetics,united_states
NantOmics,http://www.nantomics.com/,united_states
NexImmune, Inc.,http://www.neximmune.com/,united_states
Noble Life Sciences,http://www.noblelifesci.com/,united_states
Optimal Research,http://www.optimalsites.net/,united_states
Propagenix,http://www.propagenix.com/,united_states
PharmPoint Consulting,http://www.pharmpointconsulting.com,united_states
Personal Genome Diagnostics (PGDx),http://www.personalgenome.com/,united_states
REGENXBIO, Inc,http://www.regenxbio.com/,united_states
Reprocell,www.reprocell.com/en/,united_states
SV ChemBioTech,http://www.svchembiotech.com/,united_states
Sysmex Inostics,http://www.sysmex-inostics.com,united_states
SAB Biotherapeutics, Inc.,http://www.sabbiotherapeutics.com/,united_states
SAIC-Frederick,https://www.saic-frederick.com/,united_states
SequaLab LLC,http://www.sequalab.com/,united_states
Taconic Biosciences,http://www.taconic.com,united_states
Trophogen, Inc.,http://www.trophogen.com/,united_states
Trevigen,http://www.trevigen.com,united_states
Uniformed Services University of the Health Sciences CNRM Pre-Clinical Studies,https://www.usuhs.edu/cnrm/core6,united_states
Uniformed Services University of the Health Sciences CNRM Translational Imaging Core,https://www.usuhs.edu/cnrm/core3,united_states
University of Maryland Greendaum Cancer Center - High Throughput Screening,http://www.umgcc.org/,united_states
Univ. of Maryland Greenebaum Cancer Center,http://www.umgcc.org/,united_states
Westat,http://www.westat.com/,united_states
IDEXX,http://www.idexxbioresearch.eu  or  http://www.idexxanalytics.com,united_states
AxoSim Technologies,http://axosim.com/,united_states
Louisiana State University SoM SSSCC Cellular Immunology and Immune Metabolism Core (CIMC),https://www.medschool.lsuhsc.edu/cancer_center/cobre-cimc.aspx,united_states
Louisiana State University HSC Histopathology Research Lab,http://www.lsuhscshreveport.edu/Research/researchresources/histopathology/index,united_states
Louisiana Cancer Research Consortium Biospecimen Core,http://www.louisianacancercenter.org/research/shared-resources/biospecimen-core/,united_states
Louisiana Cancer Research Consortium - Cell Analysis/Immunology Core,http://www.louisianacancercenter.org/research/shared-resources/cell-analysisimmunology-core/,united_states
Louisiana State University HSC SoPH Louisiana Tumor Registry,http://sph.lsuhsc.edu/louisiana-tumor-registry,united_states
NuPotential, Inc.,http://www.nupotentialinc.com/,united_states
Pine Biotech, Inc.,http://pine-biotech.com/,united_states
Pennington Biomedical Research Center (Louisiana State University),https://www.pbrc.edu/,united_states
Advaita Bioinformatics,www.AdvaitaBio.com,united_states
A2IDEA, LLC,http://www.a2idea.com/,united_states
Asterand,http://www.asterandbio.com,united_states
Cayman Biomedical Research Institute,http://www.cabrimed.org,united_states
JV Biolabs,http://www.jvbiolabs.com,united_states
MI Bioresearch,http://www.mibioresearch.com/,united_states
MIR Preclinical Services,http://www.molecularimaging.com/,united_states
Northern Biomedical Research, Inc.,http://northernbiomedical.com/,united_states
PharmOptima,http://www.pharmoptima.com,united_states
TransPharm Preclinical Solutions,http://www.transpharmsite.com,united_states
University of Michigan, College of Pharmacy - Pharmacokinetics Core Laboratory,https://pharmacy.umich.edu/pkcore,united_states
University of Michigan Unit for Laboratory Animal Medicine (ULAM) In-vivo Animal Core (IVAC),http://medicine.umich.edu/medschool/research/office-research/unit-laboratory-animal-medicine-ulam/research-services/vivo-animal-core-ivac,united_states
Van Andel Research Institute - Small Animal Imaging Facility (SAIF),http://smallanimalimagingcore.vai.org/,united_states
Van Andel Research Institute - Pathology and Biorepository Core,http://pathologyandbiorepositorycore.vai.org/,united_states
Van Andel Research Institute Pathology and Biorepository Core,http://pathologyandbiorepositorycore.vai.org/,united_states
Van Andel Research Institute Small Animal Imaging Facility (SAIF),http://smallanimalimagingcore.vai.org/,united_states
Wayne State University Karmanos Cancer Institute Epidemiology Research Core,http://www.karmanos.org/ERC,united_states
Wayne State University Karmanos Cancer Institute Animal Model and Therapeutics Evaluation Core,http://www.karmanos.org/AmTec,united_states
Wayne State University Karmanos Cancer Institute Pharmacology Core,http://www.karmanos.org/Pharm,united_states
Wayne State University Karmanos Cancer Institute Biobanking and Correlation Sciences Core,http://www.karmanos.org/biobank,united_states
Wayne State University Karmanos Cancer Institute Behavioral and Field Research Core,http://www.karmanos.org/BFRC,united_states
Wayne State University Karmanos Cancer Institute Microscopy, Imaging and Cytometry Resources Core,http://www.karmanos.org/MICR,united_states
Wayne State University Karmanos Cancer Institute Biostatistics Core,http://www.karmanos.org/Biostats,united_states
Wayne State University Karmanos Cancer Institute Proteomics Core,http://www.karmanos.org/Proteomics,united_states
Abcodia,http://www.abcodia.com/,united_states
Abpro,http://www.abprobioresearch.com,united_states
Avastus Preclinical Services,http://www.avastusps.com/,united_states
AlphaGene,http://flockhart.virtualave.net/alphagene/AboutUs.htm,united_states
AllCells,http://www.allcells.com,united_states
Aiforia Inc.,www.aiforia.com,united_states
Blueprint Medicines,http://www.blueprintmedicines.com/,united_states
BWH/Harvard Cohorts Biorepository,http://www.partners.org/researchcores/tissue/BLOB.html,united_states
Brigham and Woman's Hospital Pathology Specimen Locator (PSL),http://www.brighamandwomens.org/Departments_and_Services/pathology/Research/Biospecimen.aspx?subID=submenu8,united_states
Boston Children’s Hospital Human Neuron Differentiation Service Core,https://childrenshospital.corefacilities.org/service_center/show_external/3496/human-neuron-differentiation-service-core,united_states
BIOARRAY Consulting,http://bioarray.us/,united_states
Boston Scientific - Boston Scientific, Research and Technology Center (RTC),http://www.bostonscientific.com/en-US/Home.html,united_states
Biomedical Research Models (Biomere),http://www.biomere.com/,united_states
Beth Israel Deaconess Medical Center Translational Cancer Imaging Facility (TCIF),http://www.bidmc.org/Research/Core-Facilities/TCIF.aspx,united_states
Beth Israel Deaconess Medical Center Preclinical Murine Pharmacogenetics Core,http://www.bidmc.org/Research/CoreFacilities/PreclinicalMurinePharmacogeneticsCore.aspx,united_states
Beth Israel Deaconess Medical Center Preclinical MRI Core,http://www.bidmc.org/Research/Departments/Radiology/Laboratories/Preclinical-MRI-Core-Facility.aspx,united_states
Beth Israel Deaconess Medical Center Mass Spectrometry Core,http://www.bidmcmassspec.org/,united_states
Baystate Health - Baystate Research Facility,https://www.baystatehealth.org/education-research/research/services-facilities/baystate-research-facility,united_states
Boston Children's Hospital/HMS/MIT Laboratory for Biomaterial and Drug Delivery (Kohane Lab),http://kohane.tch.harvard.edu/,united_states
Constellation Pharmaceuticals,http://www.constellationpharma.com/,united_states
C & L Basic Services,www.basichistologyservice.com,united_states
Cambridge Biomedical,http://www.cambridgebiomedical.com/,united_states
Cephrim Biosciences Inc,http://www.cephriminc.com/,united_states
Cancer Research Technology (CRT),http://www.cancertechnology.com/,united_states
Cell Signaling Technology,http://www.cellsignal.com,united_states
Charter Preclinical Services,http://www.charterpreclinical.com/,united_states
Dana Farber Cancer Institute	- Biospecimen Repository CoreSurvey and Data Management Core,http://surveycore.org/,united_states
Dicerna Pharmaceuticals,http://www.dicerna.com/,united_states
Dana Farber Cancer Institute	- Monoclonal Antibody Core,www.dfhcc.harvard.edu/core-facilities/monoclonal-antibody/,united_states
Dana Farber Cancer Institute	- Molecular Biology Core,http://mbcf.dfci.harvard.edu/,united_states
Dana Farber Cancer Institute	- Health Communication Core,www.healthcommcore.org ,united_states
Dana Farber Cancer Institute	- Flow Cytometry Core,http://flowcytometry.dfci.harvard.edu/,united_states
Dana Farber Cancer Institute	- Connell and O'Reilly Families Cell Manipulation Core,http://www.dfhcc.harvard.edu/core-facilities/cell-manipulation/,united_states
Dana Farber Cancer Institute	- Confocal and Light Microscopy Core,http://microscopy.dfci.harvard.edu/,united_states
Dana-Farber/Harvard Cancer Center,http://www.dfhcc.harvard.edu,united_states
DaVinci Biomedical Research Products, Inc.,http://www.davincibiomed.com/,united_states
EMD Serono,http://www.emdserono.com/en/index.html,united_states
Exiqon,http://www.exiqon.com/,united_states
Empiriko,http://www.empiriko.com/,united_states
Fluent BioSciences Inc,www.fluentbio.com,united_states
Hooke Laboratories,http://hookelabs.com/,united_states
Horizon Discovery,http://www.horizondiscovery.com,united_states
Harvard University - Wyss Institute for Biologically Inspired Engineering,http://wyss.harvard.edu,united_states
INOVOTION,www.inovotion.com,united_states
ImaBiotech,https://www.imabiotech.com/,united_states
Immunovia,http://immunovia.com/,united_states
ImmuneXcite, Inc.,http://immunexcite.com/,united_states
Javelin Biotech,,united_states
Koch Institute For Integrative Cancer Research - Swanson Biotechnology Center - Bioinformatics and Computing Core,http://ki.mit.edu/sbc/bioinformatics,united_states
Koch Institute for Integrative Cancer Research,http://ki.mit.edu/,united_states
MIT Whitehead Institute - Metabolite Profiling Core Facility,http://metabolomics.wi.mit.edu/,united_states
Massachusetts General Hospital - BioMEMS Resource Center (BMRC),http://www.biomemsrc.org/,united_states
NKT Therapeutics,http://www.nktrx.com/main_page.html,united_states
Nuclea Biotechnologies,http://www.nucleabiomarkers.com/index.html,united_states
Nereus Life Science,http://nereuslifesciences.com/,united_states
NeuroVasc Preclinical Services, Inc.,http://www.neurovascps.com/,united_states
Neo-Advent Technologies,http://neo-adventtec.com/,united_states
Northeastern University - Center for Translational NeuroImaging (CTNI),http://www.northeastern.edu/ctni/ctni1/,united_states
Olympus Biotech,http://olympusbiotech.com/,united_states
Oncogene Science,http://www.oncogene.com/ ,united_states
Oncodesign Biotechnology,http://www.oncodesign.com/,united_states
Perceptive Informatics,http://www.perceptive.com,united_states
Pharma Models,http://www.pharmamodels.net/,united_states
Quad Technologies,http://quadtechnologies.com/,united_states
Roche 454,http://www.454.com/,united_states
Syndax Pharmaceuticals,http://syndax.com/,united_states
SCIVAX,http://www.nanocultureplate.com ,united_states
Steepconsult Inc dba Arrayo,https://teamarrayo.com/agiledata/healthtech/,united_states
Taplin Biological Mass Spectrometry Facility,http://taplin.med.harvard.edu/,united_states
Toxikon,http://www.toxikon.com,united_states
TGA Sciences,http://www.tgasciences.com,united_states
Tufts University - Tufts Small Animal Imaging/Preclinical Testing Core,http://viceprovost.tufts.edu/corefacilities/core-facilities-service-centers/small-animal-imaging/,united_states
University of Massachussets Cancer Tissue and Tumor Bank,http://www.umassmed.edu/ccoe/core-services/tissue-and-tumor-bank/,united_states
Verastem, Inc.,http://www.verastem.com/,united_states
Woodland BioSciences,http://woodlandbiosciences.com/contact.asp,united_states
Zalicus,http://www.zalicus.com/,united_states
Agios,http://www.agios.com/,united_states
Apredica,http://www.apredica.com/,united_states
Barnes-Jewish Hospital/Washington University Siteman Cancer Center Immunomonitoring Laboratory (IML),http://chiips.wustl.edu/,united_states
Barnes-Jewish Hospital/Washington University Siteman Cancer Center Small Animal Cancer Imaging (SACI),https://siteman.wustl.edu/research/shared-resources-cores/small-animal-cancer-imaging-saci/,united_states
Barnes-Jewish Hospital/Washington University Siteman Cancer Center Proteomics Core,https://siteman.wustl.edu/research/shared-resources-cores/proteomics-shared-resource/,united_states
Barnes-Jewish Hospital/Washington University Siteman Biostatistics Shared Resource (SBSR),https://siteman.wustl.edu/research/shared-resources-cores/biostatistics-shared-resource-bsr/,united_states
Barnes-Jewish Hospital/Washington University Siteman Cancer Center - Center for Biomedical Informatics,http://cbmi.wustl.edu/,united_states
Barnes-Jewish Hospital/Washington University Siteman Cancer Center Biologic Therapy core,https://siteman.wustl.edu/research/shared-resources-cores/biologic-therapy-core-facility/,united_states
C-Path,http://cpathlab.com/,united_states
Eurofins Bioanalytical Services,https://www.eurofins.com/bioanalyticalservices,united_states
Eurofins Pharma Discovery Services – EPDS,https://www.eurofinsdiscoveryservices.com/,united_states
Midwest Research Institute (MRI),http://www.mriglobal.org,united_states
Pacific Biomarkers,http://www.pacbio.com,united_states
University of Kansas Cancer Center Biospecimen Repository Core,http://www.kumc.edu/school-of-medicine/biospecimen.html,united_states
University of Washington Siteman Cancer Center Tissue Procurement Core,https://wbn.wustl.edu/,united_states
Washington University in St. Louis SoM Mouse Embryonic Stem Cell Core,http://research.wustl.edu/Cores/AddUpdateCore/CoreRecords/Pages/32.aspx,united_states
Washington University in St. Louis SoM Zebrafish Facility,http://zebrafishfacility.wustl.edu/fee_schedule.html,united_states
Washington University Leukemia Biospecimen Repository,http://pathology.wustl.edu/research/cores/ltp/index.php,united_states
UC San Diego  Moores Cancer Center - Microscopy Core,http://cancer.ucsd.edu/research-training/shared-resources/microscopy/Pages/default.aspx,united_states
American Preclinical Services(APS), LLC,http://www.americanpreclinical.com/,united_states
Algos Preclinical Services,http://www.algosinc.com,united_states
Ascent Medical,http://www.ascentmed.com/index.php,united_states
B-MoGen Biotechnologies,www.bmogen.com,united_states
Bio-Techne,https://www.bio-techne.com,united_states
Courante Oncology,http://www.couranteoncology.com/,united_states
Cell Culture Company,http://cellculturecompany.com/,united_states
HealthPartners Research Foundation (HealthPartners Institute),https://www.healthpartners.com/institute/index.html,united_states
Integra Group,http://www.integracts.com/,united_states
Imanis Life Sciences,www.imanislife.com,united_states
Lifecore Biomedical,http://www.lifecore.com/,united_states
Minneapolis Veterans Affairs Health Care System,http://www.minneapolis.va.gov/,united_states
MVS Pacific,http://www.mvspacific.com/,united_states
University of Minnesota Preclinical Research Center,https://www.surgery.umn.edu/research/research-groups/experimental-surgical-services,united_states
University of Nebraska Medical Center-Eppley Cancer Center Molecular Biology and HTS Facility,http://www.unmc.edu/mbcl/default.html,united_states
Lake Immunogenics,http://www.lakeimmunogenics.com/,united_states
Biomedical Research Institute of New Mexico (BRINM),http://www.brinm.org/,united_states
Indica Labs,http://www.indicalab.com/,united_states
Molecular Pathology Laboratory Network,http://www.mplnet.com/,united_states
Senior Scientific, LLC,http://www.seniorscientific.com/,united_states
ACT Oncology,http://actoncology.com/,united_states
Beardsworth,http://www.beardsworth.com/,united_states
Cancer Genetics,http://www.cancergenetics.com/,united_states
CV Dynamics,http://www.cvdynamics.com/,united_states
Chemspace US,https://chem-space.com,united_states
Clinical Genomics Technologies Pty Ltd.,http://www.clinicalgenomics.com/index.php,united_states
ClinTech Research,http://www.clintechresearch.com,united_states
DermPathe Pharmaceuticals,http://www.dermpathe.com/,united_states
Enzon,http://enzon.com/,united_states
Expert Bioinformatics,http://expertbioinformatics.com/,united_states
Genesis Biotechnology Group,http://www.genesisbiotechgroup.com/,united_states
Global Clinical Trials (GCT),gctrials.com,united_states
Janssen Diagnostics, LLC,https://www.cellsearchruo.com,united_states
Mitra Biotech,http://www.mitrabiotech.com,united_states
OncoPath Genomics,http://www.oncopathgenomics.com/,united_states
Parabolic Drugs Ltd.,http://www.parabolicdrugs.com,united_states
PDS Life Sciences,http://www.pdslifesciences.com/,united_states
Peloton Advantage, LLC,http://www.pelotonadvantage.com/,united_states
Rutgers University RWJMS CINJ Flow Cytometry Core Facility,http://rwjms1.rwjms.rutgers.edu/flow/,united_states
RadPharm,http://radpharm.com/,united_states
Rutgers University  WIM Genomics Facility,https://www.waksman.rutgers.edu/genomics/home,united_states
Rutgers University  NJMS Histology Core Facility,http://njms.rutgers.edu/research/resources/histology/,united_states
Rutgers University CINJ Research Pharmacy,http://cinj.org/research/research-pharmacy,united_states
Rutgers University CINJ Preclinical Imaging Core,http://cinj.org/research/preclinical-imaging,united_states
Rutgers University CINJ Pharmacokinetics and Pharmacodynamics Core,http://cinj.org/research/pharmacokinetics-and-pharmacodynamics,united_states
Rutgers University CINJ Histopathology Core,http://cinj.org/research/histopathology,united_states
Rutgers University CINJ Genome Editing Core Facility,http://cinj.org/research/genome-editing-core-facility,united_states
Rutgers University CINJ Functional Genomics Core,http://cinj.org/research/functional-genomics,united_states
Rutgers University CINJ Biospecimen Repository Service,http://cinj.org/research/biospecimen-repository-service,united_states
Rutgers University CINJ Biometrics Core,http://cinj.org/research/biometrics,united_states
Rutgers University CINJ Biomedical Informatics,http://cinj.org/research/biomedical-informatics,united_states
Symbiotic Research,http://symbioticresearch.net,united_states
Taylor Technology,http://www.pharmanet.com/bioanalytical/html/taylor.html,united_states
Visikol Inc,visikol.com,united_states
Dartmouth Genomics Shared Resource,http://cancer.dartmouth.edu/res/genomics.html,united_states
Dartmouth-Hitchcock Norris Cotton Cancer Center Trace Element Analysis,http://sites.dartmouth.edu/teacore/,united_states
Samaritan Pharmaceuticals,http://www.samaritanpharma.com,united_states
Ausio Pharmaceuticals,http://www.ausiopharma.com/,united_states
Cleveland Clinic LRI Translational Research Core,http://www.lerner.ccf.org/services/translational/,united_states
Case Western Reserve University CCC Tissue Resources,http://cancer.case.edu/research/sharedresources/tissue/,united_states
Case Western Reserve University CCC Biostatistics & Bioinformatics,http://cancer.case.edu/research/sharedresources/biostatistics/,united_states
Case Western Reserve University CCC Behavioral Measurement,http://cancer.case.edu/research/sharedresources/behavior/,united_states
Case Western Reserve University CTSC Non-Clinical Pharmacology,http://casemed.case.edu/ctsc/cores/clinical_pharm.cfm,united_states
Case Western Reserve University Light Microscopy Imaging Core,http://casemed.case.edu/ctsc/cores/microscopy.cfm,united_states
CHTN Pediatric Division (Nationwide Children's Hospital),http://www.nationwidechildrens.org/biospecimen-core-resource-for-the-cancer-genome-atlas,united_states
CHTN Midwestern (The Ohio State University),https://htrn.osu.edu/Pages/Default.aspx,united_states
Comprehensive Cancer Center, The Ohio State University,http://cancer.osu.edu/research/cancerresearch/sharedresources/cto/services/pages/index.aspx,united_states
Case Comprehensive Cancer Center,http://cancer.case.edu,united_states
Cincinnati Children's Hospital Medical Center Comprehensive Mouse and Cancer Core,http://www.cincinnatichildrens.org/research/cores/mouse-core/default/,united_states
ChanTest,http://www.criverlabs.com,united_states
Cardinal Health,http://www.cardinalhealth.com/en/services/manufacturer/pharma-manufacturer/cardinal-health-specialty-solutions/business-solutions/healthcare-analytics/health-economics-and-outcomes-research.html/,united_states
ExonanoRNA, LLC,www.exonanorna.com,united_states
Nanobio Delivery Pharmaceutical Co.,http://www.nanobiousa.com/,united_states
Ohio State University Comprehensive Cancer Center Molecular Cytogenetics Shared Resource,http://cytogenetics.osu.edu,united_states
OncoSolutions LLC,www.oncosolutionsllc.com,united_states
Ohio State Leukemia Tissue Bank,http://cancer.osu.edu/research-and-education/shared-resources/leukemia-tissue-bank,united_states
Ohio State University Human Cancer Genetics Program,http://www.cancergenetics.med.ohio-state.edu,united_states
Remo Contract Research Organization,http://www.remo-cro.com/,united_states
Summa Health Akron City Hospital Summa Center for Preclinical Research and Surgical Skills Training,http://www.summahealth.org/research/research-at-summa/resources-for-researchers/summa-center-for-preclinical-research-and-skills-training,united_states
Solvay/Girindus,http://www.girindus.com,united_states
North Dakota State University The Center for Protease Research,http://www.centerforproteaseresearch.org/,united_states
PRACS Institute,http://www.pracs.com,united_states
Aldevron,http://www.aldevron.com,united_states
Couragen Biopharmaceutics LLC,,united_states
Genetica,http://www.celllineauthentication.com/,united_states
Global Vaccines, Inc.,http://www.globalvaccines.org/,united_states
Inanovate,http://www.inanovate.com/,united_states
ImmunoReagents,http://www.immunoreagents.com/,united_states
Inivata,http://www.inivata.com/,united_states
Opti-Mol Consulting, LLC,http://www.opti-mol.com/index.html,united_states
Powered Research, LLC,http://www.poweredresearch.com/,united_states
Rho,http://www.rhoworld.com/,united_states
Synchrony Labs, LLC,http://synchronylabs.com/,united_states
Statogen Consulting,http://www.statogen-consulting.com,united_states
The Hamner Institutes for Health Sciences,http://www.thehamner.org,united_states
University of North Carolina, Eshelman School of Pharmacy - Division of Molecular Pharmaceutics,https://pharmacy.unc.edu/divisions/moph/,united_states
Argos Therapeutics,http://www.argostherapeutics.com/,united_states
Altis Biosystems, Inc.,www.Altisbiosytems.com,united_states
Albert Einstein College of Medicine YU Rodent Behavioral Evaluation,http://www.einstein.yu.edu/research/shared-facilities/cores/49/rodent-behavioral-evaluation/,united_states
Albert Einstein College of Medicine YU MicroPET Core,http://www.einstein.yu.edu/research/shared-facilities/cores/24/micropet-facility/,united_states
Albany College of Pharmacy and Health Sciences Pharmaceutical Research Institute,http://pri-albany.org/,united_states
BOC Sciences,http://www.bocsci.com,united_states
Burke Medical Research Institute Spinal Cord Injury Core,http://www.burke.org/research/research-focus/spinal-cord-injury-core,united_states
BARC Global Central Laboratory,http://www.barclab.com/,united_states
Balthasar Laboratory,http://www.acsu.buffalo.edu/~jb/,united_states
Buffalo BioLabs,http://www.buffalobiolabs.com/,united_states
Creative Animodel,https://www.creative-animodel.com/,united_states
Columbia University Medical Center HICCC Biostatistics Core,http://www.hiccc.columbia.edu/research/sharedresources/biostatistics,united_states
Columbia University Medical Center HICCC Biomarkers Core,http://www.hiccc.columbia.edu/research/sharedresources/biomarkers,united_states
Central New York Research Corporation (CNYRC),https://cnyrc.org/,united_states
Creative Enzymes,http://www.creative-enzymes.com/,united_states
Columbia University Medical Center HICCC Radiation Research Core Facility,http://www.hiccc.columbia.edu/research/sharedresources/radiation,united_states
Cold Spring Harbor Laboratory,http://www.cshl.edu/,united_states
Creative Proteomics,http://www.creative-proteomics.com,united_states
Columbia University Medical Center HICCC Transgenic Mouse Core,http://www.hiccc.columbia.edu/research/sharedresources/transgenic,united_states
Columbia University HICCC Genomics Technologies Core,http://www.hiccc.columbia.edu/research/sharedresources/genomics,united_states
Columbia University IICTR Clinical Research Resource,http://irvinginstitute.columbia.edu/resources/clinical_home.html,united_states
Envol Biomedical,www.envolbio.com,united_states
HistoWiz,https://histowiz.com/,united_states
Health Research, Inc. (HRI),https://www.healthresearch.org/,united_states
KGK Synergize,http://www.kgksynergize.com,united_states
Koch Institute For Integrative Cancer Research - Swanson Biotechnology Center - Animal Imaging and Preclinical Testing,http://ki.mit.edu/sbc/aipt,united_states
METIS Biotechnologies,http://www.metislabs.com,united_states
METIS Labs,http://metislabs.com,united_states
New York University SoM Experimental Animal and Exposure Core,http://www.med.nyu.edu/ocs/experimental-animal-exposure,united_states
National Health Research Institutes Laboratory Animal Center,http://lac.nhri.org.tw/e_index.php,united_states
Polymedco,http://www.polymedco.com/,united_states
Pulmokine, Inc,http://pulmokine.net/,united_states
Porter Pharmaceutical Services,http://www.porterpharma.com,united_states
Qmetrics Technologies,http://www.qmetricstech.com,united_states
RxUSA,http://rxusa.com/,united_states
Roswell Park Cancer Institute Gene Targeting and Transgenic Core,http://www.roswellpark.edu/shared-resources/gene-targeting-and-transgenics,united_states
Rules-Based Medicine, Inc.,http://rbm.myriad.com/,united_states
Roswell Park Cancer Institute,http://www.roswellpark.org,united_states
Syracuse Veterans Affairs Medical Center,http://www.syracuse.va.gov/,united_states
Tartis, Inc.,http://www.tartiscorp.com/,united_states
The Feinstein Institute for Medical Research - Microscopy Facility,http://www.feinsteininstitute.org/professionals/resources-for-investigators/scientific-cores/laboratory-research-resources/microscopy-facility/#top-anchor,united_states
Translational Cell Science, LLC now part of BioreclamationIVT,http://www.transcellscience.com,united_states
University of Rochester Medical Center Center for Oral Biology,https://www.urmc.rochester.edu/center-oral-biology.aspx,united_states
VA Western New York Healthcare System,http://www.buffalo.va.gov/,united_states
AndroBioSys,http://www.androbiosys.com,united_states
ComPath Biomedical,http://www.compathbiomedical.com,united_states
Drik,www.atdrik.com,united_states
Jortan Pharmaceuticals, Inc.,http://jortanpharma.com/,united_states
Oklahoma City Veterans Affairs Health Care System,http://www.oklahoma.va.gov/,united_states
University of Oklahoma Health Sciences Center,https://www.pharmatching.com/company/the-university-of-oklahoma-health-sciences-center/services,united_states
University of Colorado Cancer Center,http://www.uccc.info/for-healthcare-professional/cancer-center/index.aspx,united_states
Greenville Hospital System Cancer ITOR Biorepository,http://www.itor-ghs.org/biorepository.php,united_states
Institute for Translational Oncology Research (ITOR),http://www.itor-ghs.org,united_states
Medical University of South Carolina Hollings Cancer Center,http://hcc.musc.edu,united_states
Ralph H. Johnson Veterans Affairs Medical Center,http://www.charleston.va.gov/,united_states
South Carolina Biorepository System,http://hcc.musc.edu/research/resources/biorepository/index.htm,united_states
Vitrologic,http://vitrologic.com,united_states
Magellan Method,https://www1.magellanrx.com/magellan-rx/solutions/magellan-method.aspx,united_states
Roger Williams Medical Center,http://www.rwmc.org/,united_states
Alliance Pharma,http://www.alliancepharmaco.com,united_states
BioLeap,http://www.bioleap.com,united_states
Barnes-Jewish Hospital/Washington University Siteman Cancer Center Imaging and Response Assessment Core (IRAC),,united_states
BioPharmaSpec,http://biopharmaspec.com/,united_states
Bioanalytical Solutions,http://www.bioanalyticalsolutions.com/,united_states
Carnegie Mellon University Molecular Biosensor and Imaging Center,http://pathways.mbic.cmu.edu/,united_states
Carnegie Mellon University Lane Center for Computational Cancer  Research,http://lcccr.cbd.cmu.edu/,united_states
Carnegie Mellon University Center for Mechanics and Engineering of Cellular Systems,http://www.cmu.edu/cmecs/index.html,united_states
Children's Hospital of Philadelphia J. Stokes Research Institute Metabolic Core,http://www.research.chop.edu/cores/metabolomic/,united_states
Children's Hospital of Philadelphia J. Stokes Research Institute CTRC Translational Core Laboratory,https://ctrc.research.chop.edu/services-facilities/translational-core-laboratory-tcl,united_states
Children's Hospital of Philadelphia J. Stokes Research Institute Clinical Vector Core,http://ccmt.research.chop.edu/cores_cvc.php,united_states
Children's Hospital of Philadelphia J. Stokes Research Institute Bioanalytical Core,https://www.research.chop.edu/research/chop-research-core-facilities,united_states
Discovery Pharma Consulting,http://discoverypharm.com,united_states
FlowMetric,http://www.flowmetric.com/,united_states
IES Diagnostics, Inc.,http://www.iesdiagnostics.com/,united_states
ImmProNano Solutions,http://www.immpronano.com/,united_states
Institute for Hepatitis and Virus Research,http://www.ihvr.org/,united_states
Life Diagnostics,http://www.lifediagnostics.com/,united_states
National Surgical Adjuvant Breast and Bowel Project Tissue Bank,http://www.nsabp.pitt.edu/NSABP_Pathology.asp#2.%20Tissue%20Bank,united_states
Ncardia,http://www.ncardia.com,united_states
Penn Medicine Department of Radiology,http://www.uphs.upenn.edu/radiology/research/labs/saif/services/ultrasound.html,united_states
Rockland Immunochemicals,http://www.rockland-inc.com/,united_states
SSPCC,http://www.sspcc.com/,united_states
SoloMedica,http://www.solomedica.biz,united_states
The Wistar Institute Bioinformatics Facility,http://www.wistar.org/our-science/shared-facilities/bioinformatics-facility,united_states
The Wistar Institute Protein Expression Facility,http://www.wistar.org/our-science/shared-facilities/protein-expression-and-libraries-facility,united_states
University of Pennsylvannia Tumor Tissue Bank,https://cancer.pennmedicine.org/cancer-research/for-researchers/shared-resources/tumor-tissue-bank,united_states
VivoPharm,http://www.vivopharm.com,united_states
VA Pittsburgh Healthcare System,http://www.pittsburgh.va.gov/,united_states
Varisano,http://www.varisano.com,united_states
WuXi Advanced Therapies,https://advancedtherapies.com/,united_states
Ascenta Therapeutics,http://www.ascenta.com/,united_states
Aisar-PDD,http://www.aisar-pdd.org/,united_states
AUM BioTech, LLC,https://www.aumbiotech.com,united_states
Earle A. Chiles Research Institute,http://oregon.providence.org/our-services/e/earle-a-chiles-research-institute/,united_states
MolecularMD,http://molecularmd.com/,united_states
Oregon State University Cancer Chemoprotection Program Core Laboratory,http://research.oregonstate.edu/shared-research-facilities-and-services,united_states
OHSU Knight BioLibrary,http://www.ohsu.edu/xd/health/services/cancer/research-training/knight-biolibrary/index.cfm,united_states
Acorn,http://www.acornresearch.net/,united_states
CHTN Western Division (Vanderbilt University),https://medschool.vanderbilt.edu/chtn/,united_states
Compass Laboratory Services,http://compasslabservices.com/,united_states
DiaTech Oncology,http://www.diatech-oncology.com,united_states
Genome Explorations,http://www.genome-explorations.com,united_states
Pluris Research,http://www.plurisresearch.com/,united_states
Protypia, LLC,http://protypia.com,united_states
Sarah Cannon (SCRI Development Innovations),http://sarahcannon.com/home/,united_states
US-Pharmaserve,http://www.uspharmaserve.com,united_states
Vanderbilt GI Spore Translational Pathology Core,http://www.vicc.org/spores/,united_states
Vanderbilt Ophthalmic Contract Research Organization (VO-CRO),https://medschool.vanderbilt.edu/vo-cro/,united_states
Ibex Preclinical Research,http://ibexresearch.com/,united_states
OXM BIO,http://www.oxmbio.com/,united_states
Asuragen,http://www.asuragen.com,united_states
Audie L. Murphy Memorial VA Hospital (STVHCS),http://www.southtexas.va.gov/index.asp,united_states
Astrogenetix,http://www.astrogenetix.com/,united_states
Baylor College of Medicine Dan L. Duncan Cancer Center,http://www.bcm.edu/cancercenter/?PMID=0,united_states
BRIDGE PTS,http://www.bridgepts.com/,united_states
Baylor College of Medicine Population Sciences Biorepository,https://www.bcm.edu/centers/cancer-center/research/shared-resources/population-sciences-biorepository,united_states
Baylor College of Medicine Mass Spectrometry Based Molecular Pathway Discovery,https://www.bcm.edu/centers/cancer-center/research/shared-resources/mass-spectrometry-molecular-pathway-discovery,united_states
Baylor College of Medicine Metabolic Core,https://www.bcm.edu/research/advanced-technology-core-labs/lab-listing/metabolomics-core,united_states
Baylor Research Institute Soltero Cardiovascular Research Center,http://www.baylorhealth.edu/Research/InstitutesCenters/SolteroCardioResearch/Pages/default.aspx,united_states
Baylor Research Institute - KHCJWS Institute of Metabolic Disease (IMD),http://www.baylorhealth.edu/Research/InstitutesCenters/IMD/Pages/default.aspx,united_states
Baylor Research Institute Charles A. Sammons Cancer Center at Dallas,http://www.baylorhealth.com/PhysiciansLocations/Dallas/SpecialtiesServices/cancer/Sammons/Pages/About.aspx,united_states
Baylor Research Institute Center of Gastrointestinal Cancer Research,http://www.baylorhealth.edu/Research/InstitutesCenters/GICancerResearch/Pages/default.aspx,united_states
Celldex Therapeutics , Inc.,http://www.celldex.com/,united_states
External Pharma,http://www.externalpharma.com/,united_states
Houston Methodist Research Institute Positron Emission Tomography,,united_states
Houston Methodist Research Institute Cyclotron and Radiopharmaceutical Core,http://www.houstonmethodist.org/cyclotron/,united_states
Houston Methodist Research Institute Preclinical Imaging Facility,http://www.houstonmethodist.org/research/our-research/cores/translational-imaging-core-facilities/preclinical-imaging/,united_states
Houston Methodist Research Institute Magnetic Resonance Imaging Facility,http://www.houstonmethodist.org/research/our-research/cores/translational-imaging-core-facilities/magnetic-resonance-imaging/,united_states
Houston Methodist Research Institute Biorepository Core,http://www.houstonmethodist.org/research/our-research/cores/serum-tissue-biorepository/,united_states
Houston Methodist Research Institute Research Pathology Core,http://www.houstonmethodist.org/research/our-research/cores/research-pathology/,united_states
Houston Methodist Research Institute Preclinical Catheterization Core,http://www.houstonmethodist.org/research/our-research/cores/preclinical-catheterization-laboratory/,united_states
Houston Methodist Research Institute Machine Shop,http://www.houstonmethodist.org/research/our-research/cores/machine-shop/,united_states
Houston Methodist Research Institute Comparative Medicine,http://www.houstonmethodist.org/research/our-research/cores/comparative-medicine/,united_states
Houston Methodist Research Institute RNACORE,http://www.houstonmethodist.org/research/our-research/cores/rnacore/,united_states
INCELL,http://www.incell.com/ ,united_states
Myriad RBM,http://www.myriadrbm.com/,united_states
MIRNA Therapeutics, Inc.,http://www.mirnatherapeutics.com/,united_states
Michale E. DeBakey Veterans Affairs Medical Center,http://www.houston.va.gov/,united_states
Nexus Oncology,http://www.nexusoncology.com,united_states
Nanospectra Biosciences, Inc.,http://www.nanospectra.com/,united_states
RadioMedix, Inc,http://radiomedix.com/,united_states
South Texas Tumor Bank,http://www.startthecure.com/TumorBank/index.php,united_states
Space Technology and Advanced Research Systems Inc.,http://www.facebook.com/SpaceTechnolgyandAdvancedResearchSystems,united_states
South Texas Veterans Health Care System, Audie L. Murphy Memorial Veterans Affairs Hospital,http://www.southtexas.va.gov/locations/directions.asp,united_states
South Texas Accelerated Research Therapeutics (START),http://www.startthecure.com,united_states
Texas A&M Health Science Center College of Medicine - Cell Analysis Facility,http://research.tamhsc.edu/caf/,united_states
TAMU Health Science COM - Cell Analysis Facility,http://research.tamhsc.edu/caf/,united_states
Texas Children’s Cancer Center and Hematology Center,http://www.txccc.org/content.cfm?content_id=476,united_states
TBG Diagnostics Limited (TDL),http://www.tbgbio.com/en,united_states
Texas Biomedical Research Institute,https://txbiomed.graydigitaldev.net/,united_states
Texas A&M University - Institute for Preclinical Studies,http://tips.tamu.edu/,united_states
UT MD Anderson Cancer Center Biospecimen Extraction Facility,https://www.mdanderson.org/education-and-research/resources-for-professionals/scientific-resources/core-facilities-and-services/biospecimen-extraction-facility/index.html,united_states
UT MD Anderson Cancer Center Gynecologic Cancer Tissue Bank,https://www.mdanderson.org/education-and-research/resources-for-professionals/scientific-resources/core-facilities-and-services/gynecologic-cancer-tissue-bank/index.html,united_states
UT MD Anderson Cancer Center Small Animal Imaging Facility (SAIF),https://www.mdanderson.org/research/research-resources/core-facilities/small-animal-imaging-facility.html,united_states
University of Texas M.D. Anderson Cancer Center,http://www.mdanderson.org/,united_states
US Oncology,http://www.usoncology.com/,united_states
Univ. of Alberta Cross Cancer Institute,http://www.oncology.med.ualberta.ca,united_states
University of Texas Health Science Center CTRC Macromolecular Structure & Interactions,http://www.uthscsa.edu/patient-care/ctrc/macromolecular-structure-interactions,united_states
UT MD Anderson Cancer Center Science Park Next Generation Sequencing Core,http://www.mdanderson.org/education-and-research/departments-programs-and-labs/departments-and-divisions/science-park/resources/next-generation-sequencing-core/next-generation-sequencing-core.html,united_states
UT MD Anderson Cancer Center - Center for Stem Cell and Developmental Biology,http://www.mdanderson.org/education-and-research/departments-programs-and-labs/programs-centers-institutes/center-for-stem-cell-and-developmental-biology/index.html,united_states
UT MD Anderson Cancer Center Nuclear Magnetic Resonance Core,https://www.mdanderson.org/research/research-resources/core-facilities/nmr-facility.html,united_states
UT MD Anderson Cancer Center Transgenic Animal Core,https://www.mdanderson.org/research/research-resources/core-facilities/transgenic-animal-core.html,united_states
UT MD Anderson Cancer Center SPORE Tissue Resources and Pathology Core,https://www.mdanderson.org/research/research-resources/core-facilities/spore-tissue-resources-and-pathology-cores.html,united_states
UT MD Anderson Cancer Center siRNA Screening Facility,https://www.mdanderson.org/research/research-resources/core-facilities/sirna-core-facility.html,united_states
UT MD Anderson Cancer Center Sequencing and Non-Coding RNA Program,https://www.mdanderson.org/research/research-resources/core-facilities/ncrna-program.html,united_states
UT MD Anderson Cancer Center Sequencing and Microarray Facility,https://www.mdanderson.org/research/research-resources/core-facilities/sequencing-and-microarray-facility-smf.html,united_states
UT MD Anderson Cancer Center Research Histology, Pathology and Imaging Core,https://www.mdanderson.org/research/research-resources/core-facilities/research-histology-pathology-and-imaging-Core.html,united_states
UT MD Anderson Cancer Center  Research Animal Support Facility - Smithville (RASF-S),https://www.mdanderson.org/research/research-resources/core-facilities/research-animal-support-facility.html,united_states
UT MD Anderson Cancer Center Radiation Dosimetry Services,https://www.mdanderson.org/research/research-resources/core-facilities/radiation-dosimetry-services.html,united_states
UT MD Anderson Cancer Center Proteomics and Metabolomics Facility,https://www.mdanderson.org/research/research-resources/core-facilities/proteomics-facility.html,united_states
UT MD Anderson Cancer Center Protein Array and Analysis Core,https://www.mdanderson.org/research/research-resources/core-facilities/protein-array-and-analysis-core.html,united_states
UT MD Anderson Cancer Center Patient-Reported Outcomes, Survey and Population Research (PROSPR) Shared Resource,https://www.mdanderson.org/research/research-resources/core-facilities/prospr-shared-resource.html,united_states
UT MD Anderson Cancer Center Pharmaceutical Science Facility,https://www.mdanderson.org/research/research-resources/core-facilities/pharmaceutical-science-facility.html,united_states
UT MD Anderson Cancer Center Pathologic Diagnosis & Laboratory Testing,https://www.mdanderson.org/research/research-resources/core-facilities/pathologic-diagnosis-and-laboratory-testing.html,united_states
UT MD Anderson Cancer Center Nucleic Acid Core Facility,https://www.mdanderson.org/research/research-resources/core-facilities/nucleic-acid-core-facility.html,united_states
UT MD Anderson Cancer Center Monoclonal Antibody Core,https://www.mdanderson.org/research/research-resources/core-facilities/monoclonal-antibody-core-facility.html,united_states
UT MD Anderson Cancer Center Molecular Diagnostics Laboratory,https://www.mdanderson.org/research/research-resources/core-facilities/molecular-diagnostics-lab.html,united_states
UT MD Anderson Cancer Center Molecular Cytogenetics Core,https://www.mdanderson.org/research/research-resources/core-facilities/molecular-cytogenetics-core-facility.html,united_states
UT MD Anderson Cancer Center Molecular Biology Core,https://www.mdanderson.org/research/research-resources/core-facilities/molecular-biology-core.html,united_states
UT MD Anderson Cancer Center Laboratory Animal Genetic Services,https://www.mdanderson.org/research/research-resources/core-facilities/laboratory-animal-genetic-services.html,united_states
UT MD Anderson Cancer Center Immunology Optical Microscopy Core,https://www.mdanderson.org/research/research-resources/core-facilities/immunology-optical-microscopy-laboratory.html,united_states
UT MD Anderson Cancer Center High Resolution Electron Microscopy Core,https://www.mdanderson.org/research/research-resources/core-facilities/high-resolution-electron-microscopy-facility.html,united_states
UT MD Anderson Cancer Center Genetically Engineered Mouse Core,https://www.mdanderson.org/research/research-resources/core-facilities/genetically-engineered-mouse-facility.html,united_states
UT MD Anderson Cancer Center Reverse Phase Protein Array (RPPA) Core,https://www.mdanderson.org/research/research-resources/core-facilities/functional-proteomics-rppa-core.html,united_states
UT MD Anderson Cancer Center Flow Cytometry and Cellular Imaging Core,https://www.mdanderson.org/research/research-resources/core-facilities/flow-cytometry-and-cellular-imaging-core-facility.html,united_states
UT MD Anderson Cancer Center DNA Methylation Analysis Core,https://www.mdanderson.org/research/research-resources/core-facilities/dna-methylation-analysis-core.html,united_states
UT MD Anderson Cancer Center Characterized Cell Line Core,https://www.mdanderson.org/research/research-resources/core-facilities/characterized-cell-line-core-facility.html,united_states
UT MD Anderson Cancer Center Bone Histomorphometry Core,https://www.mdanderson.org/research/research-resources/core-facilities/bone-histomorphometry-core-lab.html,united_states
UT MD Anderson Cancer Center Bionutrition Research Core,https://www.mdanderson.org/research/research-resources/core-facilities/bionutrition-research-core.html,united_states
UT MD Anderson Cancer Center Biomolecular Structure and Function Core,https://www.mdanderson.org/research/research-resources/core-facilities/biomolecular-structure-and-function-core.html,united_states
ApexBio,http://www.apexbt.com/,united_states
Atlantic Research Group,http://www.atlanticresearchgroup.com/,united_states
CHTN Mid-Atlantic Division (University of Virginia),http://chtn.sites.virginia.edu/,united_states
Eastern Virginia Medical School George L. Wright Jr. Center for Biomedical Proteomics,http://www.evms.edu/research/centers_institutes_departments/leroy_t_canoles_jr_cancer_research_center/services/proteomics/,united_states
George Washington University Cancer Institute,http://smhs.gwu.edu/gwci/,united_states
Georgetown University Lombardi Comprehensive Cancer Center - Biacore Molecular Interaction Shared Resource (BMISR),https://lombardi.georgetown.edu/sharedresources/bmisr,united_states
George Mason University Center for Applied Proteomics and Molecular Medicine,http://capmm.gmu.edu/laboratory-facilities,united_states
HalioDX,http://www.haliodx.com/,united_states
Immudex,www.immudex.com,united_states
Nutritional Immunology and Molecular Medicine Laboratory (NIMML),http://www.nimml.org,united_states
ResourcePath,http://resourcepath.net,united_states
Sequent Development,http://www.sequentdevelopment.com,united_states
TriStar Technology Group,http://www.tristargroup.us,united_states
University of Virginia SoEAS DoMSE Institute for Nanoscale and Quantum Scientific and Technological Advanced Research (nanoSTAR),http://nanostar.virginia.edu/,united_states
Virginia Commonwealth University Transgenic/Knock-out Mouse Share Resource,http://www.massey.vcu.edu/research/cores/tmf/,united_states
Fox Chase Tumor Bank,https://www.foxchase.org/research/facilities/genetic-research-facilities/biosample-repository-facility,united_states
Children's Hospital of Wisconsin CRI Flow Cytometry Core,http://www.chw.org/medical-professionals/research/researcher-resources/research-cores/flow-cytometry/,united_states
Clement J. Zablocki Veterans Affairs Medical Center (Milwaukee VA Medical Center),http://www.milwaukee.va.gov/,united_states
Exact Sciences Corporation,http://www.exactsciences.com/,united_states
Gundersen Medical Foundation,http://www.gundersenhealth.org/biobank,united_states
PhysioGenix,http://www.physiogenix.com/,united_states
Surpass,http://www.surpassinc.com/,united_states
University of Wisconsin Madison - Department of Biostatistics and Medical Informatics,https://www.biostat.wisc.edu/,united_states
West Virginia University Mary Babb Randolph Cancer Center - Pathology and Histology Core,http://wvucancer.org/Cores/Pathology-Histology,united_states
Advancing Drugs,http://www.advancingdrugs.com/,united_states
Aptevo Therapeutics, Inc.,http://aptevotherapeutics.com/,united_states
Applied Veterinary Pathobiology,http://www.avp-consult.com,united_states
Benaroya Research Institute Tetramer Core Lab,https://www.benaroyaresearch.org/what-is-bri/scientists-and-laboratories/core-labs/tetramer-core-laboratory,united_states
Cancer Research and Biostatistics,http://www.crab.org/,united_states
Flow Contract Site Laboratory,http://www.fcslaboratory.com/,united_states
Fred Hutchinson Cancer Research Center,http://www.fhcrc.org/en.html,united_states
Fred Hutchinson Cancer Research Center Specialized Mouse Services,http://sharedresources.fhcrc.org/core-facilities/cceh-specialized-mouse-services,united_states
Fred Hutchinson Cancer Research Center Immune Monitoring Lab,http://sharedresources.fhcrc.org/core-facilities/immune-monitoring,united_states
International Histocompatibility Cell and DNA Bank (Fred Hutchinson Cancer Research Center),http://sharedresources.fredhutch.org/core-facilities/specimen-processingresearch-cell-bank,united_states
PharmaIN Corporation,http://pharmain.com/,united_states
Preclinical GPS,http://www.preclinicalgps.com/,united_states
RareCyte Inc.,rarecyte.com,united_states
Resolution Bioscience, Inc.,http://resolutionbio.com/,united_states
ReachBio LLC,http://www.reachbio.com,united_states
Scisco Genetics, Inc.,http://sciscogenetics.com/,united_states
Seattle Institute for Biomedical and Clinical Research,http://www.sibcr.org/,united_states
Seattle Children's Hospital Research Institute - Center for Global Infectious Disease Research,http://www.seattlechildrens.org/research/global-infectious-disease-research/about/,united_states
Seattle Children's Hospital Research Institute - Ben Towne Center for Childhood Cancer Research,http://www.seattlechildrens.org/research/childhood-cancer/,united_states
Abcodia,http://www.abcodia.com/,united_kingdom
Alcyomics,http://www.alcyomics.com/,united_kingdom
Ascent Medical,http://www.ascentmed.com/index.php,united_kingdom
Axis Bioservices,http://www.axisbio.co.uk,united_kingdom
Asterand,http://www.asterandbio.com,united_kingdom
Ark Therapeutics,http://www.arktherapeutics.com/,united_kingdom
Aurelia Bioscience,http://aureliabio.com,united_kingdom
Antisoma,http://www.antisoma.com,united_kingdom
Arrayjet Ltd,www.arrayjet.co.uk,united_kingdom
Bostwick Laboratories,https://www.bostwicklaboratories.com/global/,united_kingdom
Breast Cancer Now Tissue Bank (BCNTB),http://breastcancertissuebank.org/,united_kingdom
Bioascent,https://www.bioascent.com/,united_kingdom
Cresset,https://www.cresset-group.com/discovery-services/,united_kingdom
Cancer Research Technology (CRT),http://www.cancertechnology.com/,united_kingdom
Chiltern International,http://www.chiltern.com,united_kingdom
ClinTec International,http://www.clintec.com/,united_kingdom
CXR Biosciences,http://www.cxrbiosciences.com,united_kingdom
Clyde Biosciences,http://www.clydebio.com/,united_kingdom
Cancer Research UK,http://www.cancerresearchuk.org/,united_kingdom
Chernobyl Tissue Bank,http://www.chernobyltissuebank.com/,united_kingdom
Children’s Cancer and Leukaemia Group (CCLG) Tissue Bank,http://www.cclg.org.uk/tissue-bank,united_kingdom
Central England Haemato-Oncology Research Biobank,http://www.bwnft.nhs.uk/healthcare-professional/west-midlands-regional-genetics-laboratory/central-england-haemato-oncology-and-oncology-research-biobank,united_kingdom
Celentyx,http://www.celentyx.com/,united_kingdom
DC Biosciences Ltd.,www.dcbiosciences.com,united_kingdom
Digital Bio Pharm Ltd,http://www.digitalbiopharm.com/,united_kingdom
DiscoverX,http://www.discoverx.com,united_kingdom
Eurofins Bioanalytical Services,https://www.eurofins.com/bioanalyticalservices,united_kingdom
Eurofins Pharma Discovery Services – EPDS,https://www.eurofinsdiscoveryservices.com/,united_kingdom
Fahy Gurteen Laboratories,http://www.fglabs.com,united_kingdom
Freenome Holdings, Inc.,http://www.freenome.com/,united_kingdom
Fusion Antibodies,http://www.fusionantibodies.com,united_kingdom
Gifford Bioscience Limited,www.giffordbioscience.com,united_kingdom
HCV Research UK,http://www.hcvresearchuk.org/?page=main,united_kingdom
Horizon Discovery,http://www.horizondiscovery.com,united_kingdom
Human Research Tissue Bank (HRTB) (Confederation of Cancer Biobanks),http://www.cuh.org.uk/tissue-bank/about-tissue-bank,united_kingdom
HistologiX,http://www.histologix.co.uk/,united_kingdom
ImmunoSys,http://www.immundnz.com,united_kingdom
Imagen Biotech,http://www.imagentherapeutics.com,united_kingdom
Koniku,http://www.koniku.uk/,united_kingdom
King’s Health Partners Cancer Biobank,http://www.kingshealthpartners.org/clinical-excellence/34-cancer,united_kingdom
L2D Services,http://l2dservices.com/default.aspx ,united_kingdom
Leeds University Leeds Multidisciplinary Research Tissue Bank,http://multirtb.leeds.ac.uk/,united_kingdom
Liverpool Bio-Innovation Hub (LBIH) Biobank,https://www.liverpool.ac.uk/translational-medicine/research/lbih/about/,united_kingdom
Mick Knighton Mesothelioma Tissue Bank (MesobanK),http://www.mesobank.com/,united_kingdom
Manchester Cancer Research Centre Biobank,http://www.mcrc.manchester.ac.uk/biobank,united_kingdom
Manchester BRC Biobank,https://research.cmft.nhs.uk/facilities-services/biobank-and-pathology/biobank,united_kingdom
Medical Research Council Harwell - Mary Lyon Centre,http://www.har.mrc.ac.uk/about/mary-lyon-centre,united_kingdom
Neuregenix,http://www.neuregenix.com,united_kingdom
Newcastle University - Hepatopancreatobiliary Biobank (HPB Biobank),http://www.ncl.ac.uk/nbb/collections/hpb/,united_kingdom
Newcells Biotech Limited,http://newcellsbiotech.co.uk/,united_kingdom
Nexus Oncology,http://www.nexusoncology.com,united_kingdom
Neuroendocrine Tumors Biobank,http://www.ucl.ac.uk/cancer/research/department-cancer-biology/medical-genomics-group/clinical-epigenetics,united_kingdom
NHS Grampian Biorepository,http://www.biorepository.nhsgrampian.org/,united_kingdom
Nonacus,www.nonacus.com,united_kingdom
NewGene,http://www.newgene.org.uk/,united_kingdom
Northern Ireland Virtual Tissue Archive,http://www.qub.ac.uk/research-centres/CentreforCancerResearchCellBiology/Research/EnablingTechnologies/BioinformaticsandImaging/,united_kingdom
Oxford BioMedica Ltd.,http://www.oxfordbiomedica.co.uk/,united_kingdom
Oncologica Uk Ltd.,www.oncologica.com,united_kingdom
OracleBio,http://www.oraclebio.com/,united_kingdom
Osiris Pharma,http://www.osirispharma.com,united_kingdom
OncoLytika,http://oncolytika.com/,united_kingdom
Pathology Diagnostics,http://www.pathologydiagnostics.com/,united_kingdom
plasmaMATCH,http://www.icr.ac.uk/our-research/our-research-centres/clinical-trials-and-statistics-unit,united_kingdom
Pharmidex Pharmaceutical Services,http://www.pharmidex.com,united_kingdom
RxCelerate,http://www.rxcelerate.com/,united_kingdom
Reprocell,www.reprocell.com/en/,united_kingdom
RenaSci Ltd.,http://www.renasci.co.uk/,united_kingdom
Sareum,http://www.sareum.com,united_kingdom
SCOT Translational Sample Collection,http://www.crukctuglasgow.org/eng.php?pid=scot,united_kingdom
Sygnature,http://www.sygnaturediscovery.com,united_kingdom
Southampton Tumour Bank,http://www.southampton.ac.uk/medicine/research/facilities.page,united_kingdom
The University of Manchester - Preclinical MRI Core,http://www.population-health.manchester.ac.uk/imagingfacilities/ourfacilities/PCfac,united_kingdom
The University of Manchester Preclinical PET Core,http://www.population-health.manchester.ac.uk/imagingfacilities/ourfacilities/PCfac,united_kingdom
The University of Sheffield Institute for Translational Neuroscience (SITraN),http://sitran.org/about/vision/,united_kingdom
Targeted Transgenesis,http://targetedtransgenesis.com/,united_kingdom
Transpharmation,http://www.transpharmation.co.uk,united_kingdom
Tetra Q,http://www.tetraq.com.au/,united_kingdom
The Daisy Tumour Bank,https://www.hta.gov.uk/establishments/daisy-tumour-bank-12078,united_kingdom
The Francis Crick Institute,https://www.crick.ac.uk/,united_kingdom
The Wellcome Trust Sanger Institute - Single Cell Genomics Core,http://www.sanger.ac.uk/science/groups/single-cell-genomics-core-facility,united_kingdom
The Christie NHS Foundation Trust,http://www.christie.nhs.uk/,united_kingdom
The University of Manchester - Cancer Research UK Clinical and Experimental Pharmacology Group,http://www.cruk.manchester.ac.uk/,united_kingdom
The Clinical Trial Company,http://www.theclinicaltrialcompany.co.uk/,united_kingdom
Univ. of Surrey Faculty of Health and Medical Sciences,http://www.surrey.ac.uk/fhms/research/coretech,united_kingdom
University of Cambridge - Flow Cytometry Core,http://www.cruk.cam.ac.uk/core-facilities/flow-cytometry-core,united_kingdom
University of Birmingham,http://www.birmingham.ac.uk/index.aspx,united_kingdom
University College London - Advanced Diagnostics,http://www.uclad.com,united_kingdom
University of Cambridge School of Medicine Department of Haematology Cambridge Blood and Stem Cell Biobank,http://www.haem.cam.ac.uk/cambridge-blood-and-stem-cell-biobank/,united_kingdom
University of Surrey SUN Study,http://www.surrey.ac.uk/microbial/Research/cancer/,united_kingdom
University of Southampton Faculty of Medicine Tissue Bank,http://www.southampton.ac.uk/cruk/tcr/tissue.page?,united_kingdom
University of Leicester Cancer Research Biobank,http://www2.le.ac.uk/partnership/lcrc/facilities/cancer-biobank,united_kingdom
University of Buckingham Clore Laboratory,http://www.buckingham.ac.uk/clore,united_kingdom
University of Manchester,http://systemsforecasting.com/,united_kingdom
Virttu Biologics,http://www.virttu.com/,united_kingdom
Wales Cancer Bank,http://www.walescancerbank.com/,united_kingdom
Wickenstones,http://www.wickenstones.com/,united_kingdom
XenoGesis,http://xenogesis.com/,united_kingdom
YProTech,http://www.apexmolecular.com,united_kingdom
Abcellute,http://www.abcellute.com/,united_kingdom
ADC Biotechnology,http://www.adcbio.com/,united_kingdom
Angiogene Pharmaceuticals,http://www.angiogene.co.uk/,united_kingdom
Alpha Laboratories,http://www.alphalabs.co.uk,united_kingdom
